DEPENDENCIA;CODIGO ESTADISTICO;NOMBRE DEL PLANTEL;PROBLEMA
140412;MITISUS;LAS PIEDRAS;Ningún trabajador tiene datos de cuadratura.
140460;21208;ARAPUEY;Ningún trabajador tiene datos de cuadratura.
40;COCINERO;COCINERO I;Ningún trabajador tiene datos de cuadratura.
40;ENCUADERNADOR;OBRERO CERTIFICADO III (CALIFICADO) GRADO 7;Ningún trabajador tiene datos de cuadratura.
40;DESPENSERO;OBRERO GENERAL IV (NO CALIFICADO) GRADO 4;Ningún trabajador tiene datos de cuadratura.
DESCONOCIDA;ARICAGUA;ARICAGUA;Ningún trabajador tiene datos de cuadratura.
DESCONOCIDA;MUCUTUY;ARZOBISPO CHACON;Ningún trabajador tiene datos de cuadratura.
DESCONOCIDA;JAJI;CAMPO ELIAS;Ningún trabajador tiene datos de cuadratura.
DESCONOCIDA;OD19090103;CENTRO DE EDUCACION INICIAL TRIBILIN HUGUITO;Ningún trabajador tiene datos de cuadratura.
DESCONOCIDA;ON16261406;ESCUELA PARA EL EMPRENDIMIENTO ANA MARQUEZ;Ningún trabajador tiene datos de cuadratura.
DESCONOCIDA;OD03541414;GABRIEL MARCIANO PARRA;Ningún trabajador tiene datos de cuadratura.
DESCONOCIDA;PALMIRA;JULIO CESAR;Ningún trabajador tiene datos de cuadratura.
DESCONOCIDA;MILLA;LIBERTADOR;Ningún trabajador tiene datos de cuadratura.
DESCONOCIDA;SAGRARIO;LIBERTADOR;Ningún trabajador tiene datos de cuadratura.
DESCONOCIDA;MUCURUBA;RANGEL;Ningún trabajador tiene datos de cuadratura.
DESCONOCIDA;ZEA;ZEA;Ningún trabajador tiene datos de cuadratura.
ESTADAL;OD12311410;21208;Ningún trabajador tiene datos de cuadratura.
ESTADAL;OD15461417;ADA MARINA RIVAS;Ningún trabajador tiene datos de cuadratura.
ESTADAL;ON15001421;ANA JULIA CONTRERAS DE RODRIGUEZ;Ningún trabajador tiene datos de cuadratura.
ESTADAL;ON14991421;ANANIAS AVENDAÑO;Ningún trabajador tiene datos de cuadratura.
ESTADAL;OD16351411;BELLA VISTA;Ningún trabajador tiene datos de cuadratura.
ESTADAL;OD01881414;CARMEN AURORA VERA DE VARELA;Ningún trabajador tiene datos de cuadratura.
ESTADAL;OD04441414;CARMEN MALDONADO DE VIELMA;Ningún trabajador tiene datos de cuadratura.
ESTADAL;ON15531412;CCAO LA MILAGROSA);Ningún trabajador tiene datos de cuadratura.
ESTADAL;ON11501406;CEBA MIGUEL LORENZO GIL CHIPIA;Ningún trabajador tiene datos de cuadratura.
ESTADAL;OD10161401;CEI ANA MARIA CAMPOS;Ningún trabajador tiene datos de cuadratura.
ESTADAL;OD17111402;CEI LUZ MARINA SANCHEZ;Ningún trabajador tiene datos de cuadratura.
ESTADAL;OD16581418;CENTRO DE DESARROLLO HUMANO BAILADORES;Ningún trabajador tiene datos de cuadratura.
ESTADAL;ON15791417;CENTRO DE ESPECIALIDADES FRANCISCA DE SANTIAGO;Ningún trabajador tiene datos de cuadratura.
ESTADAL;OD09491420;COMPLEJO EDUCATIVO  MOCOCHOPO;Ningún trabajador tiene datos de cuadratura.
ESTADAL;OD17271412;COMPLEJO EDUCATIVO ALTERNATIVA DE HOSPITALIDAD Y TURISMO MARIA ROSARIO NAVA;Ningún trabajador tiene datos de cuadratura.
ESTADAL;OD05561402;COMPLEJO EDUCATIVO AZAEL VALERO GUERRERO;Ningún trabajador tiene datos de cuadratura.
ESTADAL;OD03031412;COMPLEJO EDUCATIVO ELOY CHALBAUD CARDONA;Ningún trabajador tiene datos de cuadratura.
ESTADAL;S2860D1412;COMPLEJO EDUCATIVO EMIRO FUENMAYOR;Ningún trabajador tiene datos de cuadratura.
ESTADAL;OD01411406;COMPLEJO EDUCATIVO JOSE ANGEL MANRIQUE MEJIA;Ningún trabajador tiene datos de cuadratura.
ESTADAL;OD03881408;COMPLEJO EDUCATIVO JOSE MARÍA CARREÑO;Ningún trabajador tiene datos de cuadratura.
ESTADAL;OD05501402;COMPLEJO EDUCATIVO JOSE NOLBERTO MORENO PALMI;Ningún trabajador tiene datos de cuadratura.
ESTADAL;OD04971420;COMPLEJO EDUCATIVO RINCON DEL PALMAR;Ningún trabajador tiene datos de cuadratura.
ESTADAL;OD03581407;COSTA RICA I;Ningún trabajador tiene datos de cuadratura.
ESTADAL;ON13841414;DAYSI MATILDE BRAVO ALVAREZ;Ningún trabajador tiene datos de cuadratura.
ESTADAL;OD00471414;DOÑA MENCA DE LEONI;Ningún trabajador tiene datos de cuadratura.
ESTADAL;OD11441405;E.E B.RINCON;Ningún trabajador tiene datos de cuadratura.
ESTADAL;OD04541405;E.E EL VERDOZAL;Solo dejaron observaciones o ceros.
ESTADAL;OD11451405;E.E SORTIFRAN ARRIBA;Ningún trabajador tiene datos de cuadratura.
ESTADAL;OD11411405;E.E. EL ENCIERRO;Ningún trabajador tiene datos de cuadratura.
ESTADAL;OD00981422;E.E. PALMICHOSO;Ningún trabajador tiene datos de cuadratura.
ESTADAL;ON10461403;E.P.E  SANTA CRUZ DE MORA;Ningún trabajador tiene datos de cuadratura.
ESTADAL;PN10031401;EE 12 DE OCTUBRE (ANEXO);Ningún trabajador tiene datos de cuadratura.
ESTADAL;OD04741401;EE CAÑO FRIO II;Ningún trabajador tiene datos de cuadratura.
ESTADAL;OD02521412;EE CECILIO ACOSTA;Solo dejaron observaciones o ceros.
ESTADAL;OD09921401;EE EL RAICITO;Ningún trabajador tiene datos de cuadratura.
ESTADAL;OD04711401;EE KM 15;Ningún trabajador tiene datos de cuadratura.
ESTADAL;OD04961420;EE MOCHABA;Solo dejaron observaciones o ceros.
ESTADAL;OD01721401;EE OFELIA TANCREDI CORREDOR;Ningún trabajador tiene datos de cuadratura.
ESTADAL;OD05241411;EL COGOLLAL;Ningún trabajador tiene datos de cuadratura.
ESTADAL;OD09641411;EL COHETE;Ningún trabajador tiene datos de cuadratura.
ESTADAL;OD09651411;EL NIGUAS;Ningún trabajador tiene datos de cuadratura.
ESTADAL;OD09611411;EL SANTIAGO;Ningún trabajador tiene datos de cuadratura.
ESTADAL;ON10031401;EPE 12 DE OCTUBRE;Ningún trabajador tiene datos de cuadratura.
ESTADAL;ON15671406;EPE CANÓNIGO UZCÁTEGUI;Ningún trabajador tiene datos de cuadratura.
ESTADAL;ON15681406;EPE EL SALADO;Ningún trabajador tiene datos de cuadratura.
ESTADAL;ON11621406;EPE ELOINA SANCHEZ DE RAMIREZ;Ningún trabajador tiene datos de cuadratura.
ESTADAL;ON15631406;EPE PADRE BARILLAS;Ningún trabajador tiene datos de cuadratura.
ESTADAL;OD16281406;EPE PADRE DUQUE;Ningún trabajador tiene datos de cuadratura.
ESTADAL;OD09931401;ESC ESTADAL MAXIMILIANO RONDON ZERPA;Solo dejaron observaciones o ceros.
ESTADAL;OD04801403;ESC. PEDRO ELIAS GUTIERREZ;Ningún trabajador tiene datos de cuadratura.
ESTADAL;OD10711403;ESC.ANASTACIA MORA DE MORA;Ningún trabajador tiene datos de cuadratura.
ESTADAL;OD04211407;ESCUELA  ESTADAL EL CURUBAL;Ningún trabajador tiene datos de cuadratura.
ESTADAL;OD05551402;ESCUELA ABDON ACOSTA;Ningún trabajador tiene datos de cuadratura.
ESTADAL;PD05481402;ESCUELA ALEJANDRA GRISOLIA;Ningún trabajador tiene datos de cuadratura.
ESTADAL;OD12091409;ESCUELA ANA REYES RUJANO MENDEZ;Ningún trabajador tiene datos de cuadratura.
ESTADAL;OD11871406;ESCUELA ANTONIO GUZMAN BLANCO;Ningún trabajador tiene datos de cuadratura.
ESTADAL;OD13191412;ESCUELA AUGUSTO MALAVE VILLALBA);Ningún trabajador tiene datos de cuadratura.
ESTADAL;OD03911408;ESCUELA AUGUSTO MIJARES;Ningún trabajador tiene datos de cuadratura.
ESTADAL;OD13081412;ESCUELA AURELIO SANCHEZ SANCHEZ (ANTES MOCOSOS);Ningún trabajador tiene datos de cuadratura.
ESTADAL;OD11821406;ESCUELA BALVINO ALBORNOZ RODRIGUEZ;Ningún trabajador tiene datos de cuadratura.
ESTADAL;OD11901406;ESCUELA BELKIS COROMOTO PEREZ;Ningún trabajador tiene datos de cuadratura.
ESTADAL;OD12881412;ESCUELA BOLIVARIANA MAHATMA GANDHI;Ningún trabajador tiene datos de cuadratura.
ESTADAL;OD03701412;ESCUELA BOLIVARIANA MONSEÑOR DOCTOR SANTIAGO HERNANDEZ MILANES;Ningún trabajador tiene datos de cuadratura.
ESTADAL;OD05531402;ESCUELA BONIFACIO PUENTES;Ningún trabajador tiene datos de cuadratura.
ESTADAL;OD03971408;ESCUELA CARLOS CRUZ DIEZ;Ningún trabajador tiene datos de cuadratura.
ESTADAL;OD10751403;ESCUELA CARMEN DE JESUS MOLINA;Ningún trabajador tiene datos de cuadratura.
ESTADAL;ON13581413;ESCUELA DE EMPRENDIMIENTO;Ningún trabajador tiene datos de cuadratura.
ESTADAL;ON13601413;ESCUELA DE EMPRENDIMIENTO;Ningún trabajador tiene datos de cuadratura.
ESTADAL;OD10551403;ESCUELA DEBORA GUTIERREZ;Ningún trabajador tiene datos de cuadratura.
ESTADAL;OD05571402;ESCUELA DEOGRACIAS CORREDOR ROJAS;Ningún trabajador tiene datos de cuadratura.
ESTADAL;OD13401413;ESCUELA DOMITILA DE DAVILA;Ningún trabajador tiene datos de cuadratura.
ESTADAL;OD13211412;ESCUELA EL APURE;Ningún trabajador tiene datos de cuadratura.
ESTADAL;OD13061412;ESCUELA EL HATO;Solo dejaron observaciones o ceros.
ESTADAL;OD05741407;ESCUELA ESTAAL RIO BONITO ALTO;Ningún trabajador tiene datos de cuadratura.
ESTADAL;OD14711420;ESCUELA ESTADAL BELEN;Ningún trabajador tiene datos de cuadratura.
ESTADAL;OD14511420;ESCUELA ESTADAL BOLERO;Solo dejaron observaciones o ceros.
ESTADAL;OD05381416;ESCUELA ESTADAL BOLIVARIANA GLORIA DEL CARMEN QUINTERO DE PAREDES;Ningún trabajador tiene datos de cuadratura.
ESTADAL;OD14541420;ESCUELA ESTADAL CAÑA BRAVA;Solo dejaron observaciones o ceros.
ESTADAL;OD03661407;ESCUELA ESTADAL COSTA RICA II;Ningún trabajador tiene datos de cuadratura.
ESTADAL;OD03771407;ESCUELA ESTADAL DELICIAS ALTAS;Solo dejaron observaciones o ceros.
ESTADAL;OD05001420;ESCUELA ESTADAL EL CANEY;Solo dejaron observaciones o ceros.
ESTADAL;OD09511420;ESCUELA ESTADAL EL COROZO;Ningún trabajador tiene datos de cuadratura.
ESTADAL;OD14531420;ESCUELA ESTADAL EL CORRAL;Ningún trabajador tiene datos de cuadratura.
ESTADAL;OD09541420;ESCUELA ESTADAL EL REMOLINO;Ningún trabajador tiene datos de cuadratura.
ESTADAL;OD09531420;ESCUELA ESTADAL EL RINCON;Ningún trabajador tiene datos de cuadratura.
ESTADAL;OD09571420;ESCUELA ESTADAL EL VERDE;Ningún trabajador tiene datos de cuadratura.
ESTADAL;OD01321420;ESCUELA ESTADAL HORCAZ;Ningún trabajador tiene datos de cuadratura.
ESTADAL;OD02271418;ESCUELA ESTADAL JOSE GREGORIO RAMIREZ;Ningún trabajador tiene datos de cuadratura.
ESTADAL;OD04981420;ESCUELA ESTADAL LA JOYA;Ningún trabajador tiene datos de cuadratura.
ESTADAL;OD04931420;ESCUELA ESTADAL LA OVEJERA;Solo dejaron observaciones o ceros.
ESTADAL;OD14701420;ESCUELA ESTADAL LA VEGA;Solo dejaron observaciones o ceros.
ESTADAL;OD04231407;ESCUELA ESTADAL LAS MALVINAS;Ningún trabajador tiene datos de cuadratura.
ESTADAL;OD03571407;ESCUELA ESTADAL MESA JULIA MEDIO;Ningún trabajador tiene datos de cuadratura.
ESTADAL;OD04991420;ESCUELA ESTADAL MUCUSUS;Solo dejaron observaciones o ceros.
ESTADAL;OD05391416;ESCUELA ESTADAL MUPATE NER 027;Ningún trabajador tiene datos de cuadratura.
ESTADAL;OD14551420;ESCUELA ESTADAL PUEBLO VIEJO;Solo dejaron observaciones o ceros.
ESTADAL;OD03561407;ESCUELA ESTADAL RIO BONITO BAJO;Ningún trabajador tiene datos de cuadratura.
ESTADAL;OD04951420;ESCUELA ESTADAL TUCO;Solo dejaron observaciones o ceros.
ESTADAL;OD02251409;ESCUELA FELICITO MONTOYA SERRANO;Ningún trabajador tiene datos de cuadratura.
ESTADAL;OD05601402;ESCUELA FLORENCIO MARQUEZ;Ningún trabajador tiene datos de cuadratura.
ESTADAL;OD10701403;ESCUELA FRANCISCO LAZO MARTI;Ningún trabajador tiene datos de cuadratura.
ESTADAL;OD05401416;ESCUELA GILBERTO ANTONIO VALERO GONZÁLEZ;Ningún trabajador tiene datos de cuadratura.
ESTADAL;OD05631402;ESCUELA HILARIO LACRUZ;Ningún trabajador tiene datos de cuadratura.
ESTADAL;OD10591403;ESCUELA JOSE AQUILES ROSALES;Ningún trabajador tiene datos de cuadratura.
ESTADAL;OD10741403;ESCUELA JOSE VICENTE CARRERO;Ningún trabajador tiene datos de cuadratura.
ESTADAL;OD11801406;ESCUELA JOSE VICENTE SALAS;Ningún trabajador tiene datos de cuadratura.
ESTADAL;OD03051412;ESCUELA JOSEFA MOLINA DE DUQUE;Ningún trabajador tiene datos de cuadratura.
ESTADAL;OD00211412;ESCUELA JUAN DE DIOS DAVILA;Ningún trabajador tiene datos de cuadratura.
ESTADAL;OD12971412;ESCUELA JUAN GERMAN ROSCIO (ANTES EL RODEO);Ningún trabajador tiene datos de cuadratura.
ESTADAL;OD08301409;ESCUELA LUIS EMIRO GARCÍA;Ningún trabajador tiene datos de cuadratura.
ESTADAL;OD12911412;ESCUELA MANUELA CAÑIZARES (ANTES LAS QUEBRADITAS);Ningún trabajador tiene datos de cuadratura.
ESTADAL;OD02901412;ESCUELA MARCOLINA DE LAMUS;Ningún trabajador tiene datos de cuadratura.
ESTADAL;OD03941408;ESCUELA MARIA FLORENRTINA JEREZ;Ningún trabajador tiene datos de cuadratura.
ESTADAL;OD02471412;ESCUELA MARIANO PICON SALAS (ANTES EL RINCON);Solo dejaron observaciones o ceros.
ESTADAL;OD03021412;ESCUELA MIGUEL DE CERVANTES Y SAAVEDRA;Ningún trabajador tiene datos de cuadratura.
ESTADAL;OD13201412;ESCUELA MOCOTONE);Ningún trabajador tiene datos de cuadratura.
ESTADAL;OD13101412;ESCUELA MUCUTARAY;Ningún trabajador tiene datos de cuadratura.
ESTADAL;OD17801412;ESCUELA PARA EL EMPRENDIMIENTO BICENTENARIO 16 DE SEPTIEMBRE DE 2010;Ningún trabajador tiene datos de cuadratura.
ESTADAL;ON15551412;ESCUELA PARA EL EMPRENDIMIENTO DIURNO SANTA JUANA;Ningún trabajador tiene datos de cuadratura.
ESTADAL;ON15471412;ESCUELA PARA EL EMPRENDIMIENTO ERNESTINA QUIROZ;Ningún trabajador tiene datos de cuadratura.
ESTADAL;ON14191418;ESCUELA PARA EL EMPRENDIMIENTO HERENIA ACEDO DE VASQUEZ;Ningún trabajador tiene datos de cuadratura.
ESTADAL;ON17791412;ESCUELA PARA EL EMPRENDIMIENTO HERMENEGILDO CONTRERAS;Ningún trabajador tiene datos de cuadratura.
ESTADAL;ON16271406;ESCUELA PARA EL EMPRENDIMIENTO LA MESA;Ningún trabajador tiene datos de cuadratura.
ESTADAL;ON14181418;ESCUELA PARA EL EMPRENDIMIENTO LAS PLAYITAS;Ningún trabajador tiene datos de cuadratura.
ESTADAL;OD16391412;ESCUELA PARA EL EMPRENDIMIENTO MARIA AGUSTINA LACRUZ MORENO (ANTES COSTURERO POPULAR);Ningún trabajador tiene datos de cuadratura.
ESTADAL;ON15611412;ESCUELA PARA EL EMPRENDIMIENTO MARIA LUCILA SALINAS DE LEÓN (ANTES MODULO SANTA ELENA);Ningún trabajador tiene datos de cuadratura.
ESTADAL;ON15511412;ESCUELA PARA EL EMPRENDIMIENTO PADRE BILBAO;Ningún trabajador tiene datos de cuadratura.
ESTADAL;ON14131418;ESCUELA PARA EL EMPRENDIMIENTO SARA BENAVIDES;Ningún trabajador tiene datos de cuadratura.
ESTADAL;ON15601412;ESCUELA PARA EL EMPRENDIMIENTO UDON PEREZ (ANTES CAMPO DE ORO);Ningún trabajador tiene datos de cuadratura.
ESTADAL;ON15501412;ESCUELA PARA EL EMPRENDIMIENTO UGO ANZIL (ANTES LA PARROQUIA);Ningún trabajador tiene datos de cuadratura.
ESTADAL;OD03981406;ESCUELA PEDRO JUSTO ANDRADE;Ningún trabajador tiene datos de cuadratura.
ESTADAL;OD03691406;ESCUELA RAMON AMADOR FONSECA;Ningún trabajador tiene datos de cuadratura.
ESTADAL;OD15971408;ESCUELA RAMON DIAZ SANCHEZ;Ningún trabajador tiene datos de cuadratura.
ESTADAL;OD08341409;ESCUELA RITA ELENA MÁRQUEZ;Ningún trabajador tiene datos de cuadratura.
ESTADAL;OD12951412;ESCUELA SAN ANTONIO (VEGA DE SAN ANTONIO);Ningún trabajador tiene datos de cuadratura.
ESTADAL;OD11661406;ESCUELA SAN ONOFRE;Ningún trabajador tiene datos de cuadratura.
ESTADAL;OD09411420;ESCUELA SAN PABLO;Ningún trabajador tiene datos de cuadratura.
ESTADAL;OD12901412;ESCUELA SANTA ROSA;Ningún trabajador tiene datos de cuadratura.
ESTADAL;OD13421413;ESCUELA SIMÓN RODRÍGUEZ;Ningún trabajador tiene datos de cuadratura.
ESTADAL;OD03681412;ESCUELA TERESA MANRIQUE;Ningún trabajador tiene datos de cuadratura.
ESTADAL;OD05491402;ESCUELA VIANEY LISBETH VIELMA ALBARRAN;Ningún trabajador tiene datos de cuadratura.
ESTADAL;OD13301412;ESCUELA VICENTE LECUNA (ANTES LA CAÑA);Ningún trabajador tiene datos de cuadratura.
ESTADAL;OD10581403;ESCUELA VICTOR FERNANDEZ;Ningún trabajador tiene datos de cuadratura.
ESTADAL;OD13091412;ESCUELA VICTOR MANUEL PEÑA (ANTES MIQUIRURA);Ningún trabajador tiene datos de cuadratura.
ESTADAL;OD10601403;HECTOR POLEO;Ningún trabajador tiene datos de cuadratura.
ESTADAL;OD17751412;INSTITUTO DE EDUCACIÓN ESPECIAL TALLER DE EDUCACION LABORAL DOMINGO PEÑA;Ningún trabajador tiene datos de cuadratura.
ESTADAL;OD17631419;JOSE DE LOS SANTOS MARQUINA;Ningún trabajador tiene datos de cuadratura.
ESTADAL;OD12251410;JOSE ELPIDIO SALCEDO;Ningún trabajador tiene datos de cuadratura.
ESTADAL;ON16571414;JOSE LUIS GUTIERREZ;Ningún trabajador tiene datos de cuadratura.
ESTADAL;OD12241410;JOSE MIGUEL FERNANDEZ RIVAS;Ningún trabajador tiene datos de cuadratura.
ESTADAL;OD13671414;JOSEFA ROA DE MOLINA;Ningún trabajador tiene datos de cuadratura.
ESTADAL;OD13831414;JUAN  RODRIGUEZ SUAREZ;Ningún trabajador tiene datos de cuadratura.
ESTADAL;OD17391421;JUAN EDUARDO RAMIREZ ROA;Ningún trabajador tiene datos de cuadratura.
ESTADAL;OD05221411;JUMANGAL;Ningún trabajador tiene datos de cuadratura.
ESTADAL;OD03161417;LEONOR DE LA GUERRA;Ningún trabajador tiene datos de cuadratura.
ESTADAL;OD15241419;LOS MICUYES;Ningún trabajador tiene datos de cuadratura.
ESTADAL;OD16341410;LUISA CACERES DE ARISMENDI;Ningún trabajador tiene datos de cuadratura.
ESTADAL;ON16131401;LUZ QUINTERO RIVERA;Ningún trabajador tiene datos de cuadratura.
ESTADAL;OD17781412;MARCOLINA DE VOLCANES;Ningún trabajador tiene datos de cuadratura.
ESTADAL;OD14261419;MESA DEL CUCHARITO;Ningún trabajador tiene datos de cuadratura.
ESTADAL;OD05131421;MESAS DE SANTA RITA NER017;Ningún trabajador tiene datos de cuadratura.
ESTADAL;OD04721401;MIGUEL JOSE ANTONIO SANZ;Ningún trabajador tiene datos de cuadratura.
ESTADAL;OD05211411;MUCUMPIS;Ningún trabajador tiene datos de cuadratura.
ESTADAL;OD09721421;NER 015;Solo dejaron observaciones o ceros.
ESTADAL;OD05161421;NER 017;Ningún trabajador tiene datos de cuadratura.
ESTADAL;ON14981421;NOHEMI HIGUERA DE GUZMAN;Ningún trabajador tiene datos de cuadratura.
ESTADAL;ON16121401;OMELIA BRICEÑO;Ningún trabajador tiene datos de cuadratura.
ESTADAL;OD03481414;PEDRO ANTONIO TORRES VALERO;Ningún trabajador tiene datos de cuadratura.
ESTADAL;OD04171407;PREESCOLAR LAS INRREVIS;Ningún trabajador tiene datos de cuadratura.
ESTADAL;OD13691414;RAMONA DEL CARMEN ARAQUE;Ningún trabajador tiene datos de cuadratura.
ESTADAL;OD09631411;SAN ANTONIO;Ningún trabajador tiene datos de cuadratura.
ESTADAL;OD05141421;SAN ANTONIO BAJO NER 017;Ningún trabajador tiene datos de cuadratura.
ESTADAL;OD09561420;SAN ANTONIO DE PADUA;Ningún trabajador tiene datos de cuadratura.
ESTADAL;OD12181410;SAN LORENZO;Ningún trabajador tiene datos de cuadratura.
ESTADAL;OD10891404;SANTA CRUZ DE CAMPO ELIAS;Ningún trabajador tiene datos de cuadratura.
ESTADAL;ON17101406;T.E.L.E. DAVID RAMÓN TORRES CALDERON;Ningún trabajador tiene datos de cuadratura.
ESTADAL;OD00751412;U.E  ELEAZAR LOPEZ CONTRERAS;Ningún trabajador tiene datos de cuadratura.
ETCRN JOSE R G SUAREZ;BASICA;BASICA;Ningún trabajador tiene datos de cuadratura.
J I- FOCION FEBRES C;OBRERO;PRIMARIA;Ningún trabajador tiene datos de cuadratura.
JI ELOY PAREDES;PRIMARIA;PRIMARIA;Ningún trabajador tiene datos de cuadratura.
L.N. FLOTENCIO RAMIREZ;PROFESOR;SUPERIOR;Ningún trabajador tiene datos de cuadratura.
NACIONAL;OD17671417;ALEXANDER QUINTERO;Ningún trabajador tiene datos de cuadratura.
NACIONAL;OD10981404;BUENOS AIRES;Ningún trabajador tiene datos de cuadratura.
NACIONAL;S1153D1403;C-B SANTOS MARQUINA;Ningún trabajador tiene datos de cuadratura.
NACIONAL;S1361D1423;C.B DR JOSE RAMON VEGA;Ningún trabajador tiene datos de cuadratura.
NACIONAL;OD10931404;CAMPO ELIAS;Ningún trabajador tiene datos de cuadratura.
NACIONAL;S0269D1412;CB CARACCIOLO PARRA;Ningún trabajador tiene datos de cuadratura.
NACIONAL;S1831D1401;CB DON RAFAEL ANGEL RONDON MARQUEZ;Ningún trabajador tiene datos de cuadratura.
NACIONAL;S1357N1403;CCB EUTIMIO RIVAS;Ningún trabajador tiene datos de cuadratura.
NACIONAL;S1151N1412;CCB HAYDEE CARDENAS;Ningún trabajador tiene datos de cuadratura.
NACIONAL;S1465N1402;CCB LA AZULITA;Ningún trabajador tiene datos de cuadratura.
NACIONAL;ON11571406;CCB-EJIDO;Ningún trabajador tiene datos de cuadratura.
NACIONAL;OD15311412;CD ROMULO GALLEGOS;Ningún trabajador tiene datos de cuadratura.
NACIONAL;OD12451412;CDI N-17;Ningún trabajador tiene datos de cuadratura.
NACIONAL;ON09971401;CEA CUATRICENTENARIO;Solo dejaron observaciones o ceros.
NACIONAL;ON09831401;CEA EL VIGIA;Solo dejaron observaciones o ceros.
NACIONAL;ON12491412;CEA LOS SAUZALEZ;Ningún trabajador tiene datos de cuadratura.
NACIONAL;ON12501412;CEA MARIANITA MENDOZA;Ningún trabajador tiene datos de cuadratura.
NACIONAL;ON12411412;CEA VICENTE DAVILA;Ningún trabajador tiene datos de cuadratura.
NACIONAL;ON12421406;CEA-HUMBOLT;Ningún trabajador tiene datos de cuadratura.
NACIONAL;ON12631412;CEC SAN CRISTOBAL;Ningún trabajador tiene datos de cuadratura.
NACIONAL;OD01791401;CEI PREESCOLAR BOLIVARIANO LUISA DE PACANINS;Ningún trabajador tiene datos de cuadratura.
NACIONAL;OD17291406;CEIB SAN RAFAEL;Ningún trabajador tiene datos de cuadratura.
NACIONAL;OD16961401;CEIS NANCY MORA;Ningún trabajador tiene datos de cuadratura.
NACIONAL;ON13991417;CENTRO DE ESPECIALIDADES MUCUCHIES;Ningún trabajador tiene datos de cuadratura.
NACIONAL;OD12551412;CENTRO DE REHABILITACION DE LENGUAJE;Ningún trabajador tiene datos de cuadratura.
NACIONAL;OD17411420;CENTRO MATERNAL Y PREESCOLAR HIPOLITA BOLIVAR;Ningún trabajador tiene datos de cuadratura.
NACIONAL;OD14821420;COMPLEJO  EDUCATIVO RINCON DEL JARILLAL;Ningún trabajador tiene datos de cuadratura.
NACIONAL;OD02051421;CORONEL ANTONIO RANGEL;Ningún trabajador tiene datos de cuadratura.
NACIONAL;OD01271406;CPE - GN MARISCAL AYACUCHO / CPE -G MARISCAL AYACUCHO;Ningún trabajador tiene datos de cuadratura.
NACIONAL;OD12711412;CPEAÑO INTERNACIONAL DEL NIÑO I;Ningún trabajador tiene datos de cuadratura.
NACIONAL;OD05121421;E B PATA DE GALLINA;Ningún trabajador tiene datos de cuadratura.
NACIONAL;OD16251406;E-E EQUIPO DE INTEGRACION;Ningún trabajador tiene datos de cuadratura.
NACIONAL;S2863D1420;E. B. ESTADO PORTUGUESA;Ningún trabajador tiene datos de cuadratura.
NACIONAL;OD02891419;EB 21 DE NOVIEMBRE;Solo dejaron observaciones o ceros.
NACIONAL;S3979D1406;EBC EJIDO II;Ningún trabajador tiene datos de cuadratura.
NACIONAL;OD00671401;EBN 24 DE JULIO;Ningún trabajador tiene datos de cuadratura.
NACIONAL;OD01711401;EBN MANUELITA SAENZ;Ningún trabajador tiene datos de cuadratura.
NACIONAL;OD10331401;ECUELA BASICA GENERAL CARLOS SOUBLETTE;Ningún trabajador tiene datos de cuadratura.
NACIONAL;OD02461404;EL PLATANICAL;Ningún trabajador tiene datos de cuadratura.
NACIONAL;OD17791401;ESC BAS ANDRES BELLO;Ningún trabajador tiene datos de cuadratura.
NACIONAL;OD01761401;ESC SIMON RODRIGUEZ / JI BAILADORES;Solo dejaron observaciones o ceros.
NACIONAL;OD04691401;ESC URQUIA MARU;Ningún trabajador tiene datos de cuadratura.
NACIONAL;OD01061411;ESC- SAN CRISTOBAL;Ningún trabajador tiene datos de cuadratura.
NACIONAL;OD01941409;ESC-MESA DE QUINTERO;Ningún trabajador tiene datos de cuadratura.
NACIONAL;S2905D1417;ESC-MUCUCHIES;Ningún trabajador tiene datos de cuadratura.
NACIONAL;OD01671414;ESC. DR. MARIANO UZCATEGUI;Ningún trabajador tiene datos de cuadratura.
NACIONAL;OD00191421;ESC.SAN FRANCISCO;Ningún trabajador tiene datos de cuadratura.
NACIONAL;OD14461420;ESCUELA  ESTADAL EL PLATANAL;Ningún trabajador tiene datos de cuadratura.
NACIONAL;OD14751420;ESCUELA  MACIEGAL;Ningún trabajador tiene datos de cuadratura.
NACIONAL;OD04761401;ESCUELA ANA MARIA CAMPOS;Ningún trabajador tiene datos de cuadratura.
NACIONAL;S2862D1420;ESCUELA BOLIVARIANA GENARINA DUGARTE C.;Ningún trabajador tiene datos de cuadratura.
NACIONAL;OD14451420;ESCUELA EL CAMBUR;Ningún trabajador tiene datos de cuadratura.
NACIONAL;OD02651401;ESCUELA EL CEIBAL;Solo dejaron observaciones o ceros.
NACIONAL;OD14481420;ESCUELA EL HATICO;Ningún trabajador tiene datos de cuadratura.
NACIONAL;OD14781420;ESCUELA EL PARAMITO;Ningún trabajador tiene datos de cuadratura.
NACIONAL;OD01451420;ESCUELA ESTADAL LA QUEBRADA;Ningún trabajador tiene datos de cuadratura.
NACIONAL;OD01921418;ESCUELA FLOR DE MALDONADO;Ningún trabajador tiene datos de cuadratura.
NACIONAL;OD00221407;ESCUELA GENERAL JOSE ANTONIO PAEZ;Ningún trabajador tiene datos de cuadratura.
NACIONAL;OD14421420;ESCUELA LA AGUADA;Ningún trabajador tiene datos de cuadratura.
NACIONAL;OD14771420;ESCUELA LA HONDA;Ningún trabajador tiene datos de cuadratura.
NACIONAL;OD05461420;ESCUELA LA MAJUMBA;Ningún trabajador tiene datos de cuadratura.
NACIONAL;OD14411420;ESCUELA LAS MORAS;Ningún trabajador tiene datos de cuadratura.
NACIONAL;OD04021405;ESCUELA MALDONADO LOPEZ;Ningún trabajador tiene datos de cuadratura.
NACIONAL;OD14471420;ESCUELA MUCANDU;Ningún trabajador tiene datos de cuadratura.
NACIONAL;OD01751401;ESCUELA SUR AMERICA;Ningún trabajador tiene datos de cuadratura.
NACIONAL;OD17681417;ESTADO ANZOATEGUI;Ningún trabajador tiene datos de cuadratura.
NACIONAL;S2757D1417;ESTADO ANZOATEGUI;Ningún trabajador tiene datos de cuadratura.
NACIONAL;OD17471412;ET DOMINGO PEÑA;Ningún trabajador tiene datos de cuadratura.
NACIONAL;OD17561413;ETARN MESA CERRADA;Ningún trabajador tiene datos de cuadratura.
NACIONAL;S1964D1412;ETC JOSE FELIX RIBAS;Ningún trabajador tiene datos de cuadratura.
NACIONAL;OD17051421;EZEQUIEL ZAMORA;Ningún trabajador tiene datos de cuadratura.
NACIONAL;OD02071423;FELIX ROMAN DUQUE;Ningún trabajador tiene datos de cuadratura.
NACIONAL;OD17371423;FUND NAC EL NIÑO SIMON;Ningún trabajador tiene datos de cuadratura.
NACIONAL;OD17361421;FUNDACION NACIONAL EL NIÑO SIMON;Ningún trabajador tiene datos de cuadratura.
NACIONAL;OD02141403;G-E CARLOS  ZERPA;Ningún trabajador tiene datos de cuadratura.
NACIONAL;OD15841421;GENOVEBA MONTERO DE V;Ningún trabajador tiene datos de cuadratura.
NACIONAL;OD01401420;GRUPO ESCOLAR MANUEL GUAL;Ningún trabajador tiene datos de cuadratura.
NACIONAL;OD02781412;I.E.E. CIUDAD DE MERIDA;Ningún trabajador tiene datos de cuadratura.
NACIONAL;OD12561412;I.E.E. JUAN HABLO II;Ningún trabajador tiene datos de cuadratura.
NACIONAL;OD16191402;IEE 22 DE FEBRERO;Ningún trabajador tiene datos de cuadratura.
NACIONAL;OD12591412;IEE AMEPANE;Ningún trabajador tiene datos de cuadratura.
NACIONAL;OD16531414;IEE IROCHKA APOLINAR DE P.;Solo dejaron observaciones o ceros.
NACIONAL;OD16321407;IEE JUAN CARLOS AZUAJE;Ningún trabajador tiene datos de cuadratura.
NACIONAL;OD16011406;IEE LOS ANGELES;Ningún trabajador tiene datos de cuadratura.
NACIONAL;OD17571413;IEE TIMOTES;Solo dejaron observaciones o ceros.
NACIONAL;OD17001410;IEE-EL VIGIA;Ningún trabajador tiene datos de cuadratura.
NACIONAL;OD02811412;IEE-LOS ANDES;Ningún trabajador tiene datos de cuadratura.
NACIONAL;OD00251412;IEE-OFELIA T DE CORREDOR;Ningún trabajador tiene datos de cuadratura.
NACIONAL;OD02171403;IEE. JACINTO NOGUERA GARCIA;Ningún trabajador tiene datos de cuadratura.
NACIONAL;OD02991401;INSTITUTO BOLIVARIANO DE EDUCACIÓN ESPECIAL ASUNCIÓN DUGARTE;Ningún trabajador tiene datos de cuadratura.
NACIONAL;OD14761420;INSTITUTO DE EDUCACION ESPECIAL JAMUEN;Ningún trabajador tiene datos de cuadratura.
NACIONAL;OD15941416;J I- FOCION FEBRES C;Ningún trabajador tiene datos de cuadratura.
NACIONAL;OD16171401;JARDIN DE INFANCIA BOLIVARIANO ROSA VIRGINIA MARTINES ARAUJO;Ningún trabajador tiene datos de cuadratura.
NACIONAL;OD17441407;JARDIN DE INFANCIA PASCUAL IGNACIO VILLASMIL;Ningún trabajador tiene datos de cuadratura.
NACIONAL;OD02161421;JESUS ALVEIRO BUSTAMANTE RAMIREZ;Ningún trabajador tiene datos de cuadratura.
NACIONAL;OD17171412;JI 5 DE JULIO;Ningún trabajador tiene datos de cuadratura.
NACIONAL;OD02951412;JI ANEXA NORMAL MERIDA);Ningún trabajador tiene datos de cuadratura.
NACIONAL;OD02341419;JI ESTADO APURE;Ningún trabajador tiene datos de cuadratura.
NACIONAL;OD00871412;JI JUAN RUIZ FAJARDO;Ningún trabajador tiene datos de cuadratura.
NACIONAL;OD14881421;JI MERCEDES ELENA CORDERO DE G;Ningún trabajador tiene datos de cuadratura.
NACIONAL;OD02361412;JI SIMON RODRIGUEZ 1;Ningún trabajador tiene datos de cuadratura.
NACIONAL;OD14431420;JICACUY;Ningún trabajador tiene datos de cuadratura.
NACIONAL;D1067D1421;JOSE NUCETE SARDI;Ningún trabajador tiene datos de cuadratura.
NACIONAL;OD17181403;L.B  ANDRES ELOY BLANCO;Ningún trabajador tiene datos de cuadratura.
NACIONAL;S0272N1412;L.N. FLOTENCIO RAMIREZ;Ningún trabajador tiene datos de cuadratura.
NACIONAL;OD10901404;LA VARITA;Ningún trabajador tiene datos de cuadratura.
NACIONAL;OD17351422;LAS HEROINAS;Solo dejaron observaciones o ceros.
NACIONAL;S2994D1408;LAS PIEDRAS;Ningún trabajador tiene datos de cuadratura.
NACIONAL;OD17711401;LB MARIA CHIQUINQUIRA MARQUEZ DE PIRELA;Ningún trabajador tiene datos de cuadratura.
NACIONAL;ON00401417;LIC NOCT MUCUCHIES;Ningún trabajador tiene datos de cuadratura.
NACIONAL;S0270D1401;LICEO ALBERTO ADRIANI;Ningún trabajador tiene datos de cuadratura.
NACIONAL;OD16251405;LICEO ANGEL MARIA MOLINA;Ningún trabajador tiene datos de cuadratura.
NACIONAL;OD16661420;LICEO BOLERO;Ningún trabajador tiene datos de cuadratura.
NACIONAL;S0622D1420;LICEO BOLIVARIANO LUIS ENRIQUE MARQUEZ BARILLAS;Ningún trabajador tiene datos de cuadratura.
NACIONAL;OD17311420;LICEO EL ANIS;Ningún trabajador tiene datos de cuadratura.
NACIONAL;ON15771414;LICEO LICENCIADO NELSON EOJAS EXTENSION PANAMERICANO;Ningún trabajador tiene datos de cuadratura.
NACIONAL;OD16681420;LICEO LOS AMARILLOS;Ningún trabajador tiene datos de cuadratura.
NACIONAL;OD04681401;LICEO LUISA CACERES DE ARISMENDI;Ningún trabajador tiene datos de cuadratura.
NACIONAL;OD17201403;LICEO MARTINIANO GONZALEZ ROJAS;Ningún trabajador tiene datos de cuadratura.
NACIONAL;S0270N1401;LICEO NACIONAL ALBERTO ADRIANI;Ningún trabajador tiene datos de cuadratura.
NACIONAL;S1632N1412;LICEO NOCTURNO MERIDA;Ningún trabajador tiene datos de cuadratura.
NACIONAL;ON13911416;LICEO NOCTURNO MUCUCHIES;Ningún trabajador tiene datos de cuadratura.
NACIONAL;S3879N1407;LICEO NOCTURNO PROFESIONAL TUCANI;Ningún trabajador tiene datos de cuadratura.
NACIONAL;S1828D1405;LICEO PADRE MANUEL VARELA;Ningún trabajador tiene datos de cuadratura.
NACIONAL;OD16551416;LICEO PEDRO JOSÉ GONZÁLEZ;Ningún trabajador tiene datos de cuadratura.
NACIONAL;OD17771412;LILIA TERESA NEGRON RUIZ;Ningún trabajador tiene datos de cuadratura.
NACIONAL;S1464N1412;LN ANDRES ELOY BLANCO;Ningún trabajador tiene datos de cuadratura.
NACIONAL;S0271N1421;LN.FELIX ROMAN DUQUE;Ningún trabajador tiene datos de cuadratura.
NACIONAL;OD10961404;LOS AZULES;Ningún trabajador tiene datos de cuadratura.
NACIONAL;OD10991404;LOS PALCHOS;Ningún trabajador tiene datos de cuadratura.
NACIONAL;OD14231419;MARIANA MONSALVE;Ningún trabajador tiene datos de cuadratura.
NACIONAL;OD02151421;MERCEDES ELENA CORDERO DE G;Ningún trabajador tiene datos de cuadratura.
NACIONAL;OD11001404;MUCUPUEN;Ningún trabajador tiene datos de cuadratura.
NACIONAL;OD10271401;NER 409;Ningún trabajador tiene datos de cuadratura.
NACIONAL;OD10241401;NER 409;Ningún trabajador tiene datos de cuadratura.
NACIONAL;OD10281401;NER 409;Ningún trabajador tiene datos de cuadratura.
NACIONAL;OD11831406;NER 557 SAN JOSE Y ACEQUIAS;Ningún trabajador tiene datos de cuadratura.
NACIONAL;OD00511406;NER 557 SAN JOSE Y ACEQUIAS;Ningún trabajador tiene datos de cuadratura.
NACIONAL;OD17041406;NER 557 SAN JOSE Y ACEQUIAS;Ningún trabajador tiene datos de cuadratura.
NACIONAL;OD03211405;NER MUCUTUY;Ningún trabajador tiene datos de cuadratura.
NACIONAL;OD02871405;NER MUCUTUY;Ningún trabajador tiene datos de cuadratura.
NACIONAL;OD03221405;NER MUCUTUY;Ningún trabajador tiene datos de cuadratura.
NACIONAL;OD03231405;NER MUCUTUY;Ningún trabajador tiene datos de cuadratura.
NACIONAL;OD13711414;NER NUC ESC RURAL N 057;Ningún trabajador tiene datos de cuadratura.
NACIONAL;OD01871414;NER NUC ESC RURAL N 057;Ningún trabajador tiene datos de cuadratura.
NACIONAL;OD13731414;NER NUC ESC RURAL N 057;Ningún trabajador tiene datos de cuadratura.
NACIONAL;OD12701412;NER NUC ESC RURAL N-094;Ningún trabajador tiene datos de cuadratura.
NACIONAL;OD04791403;NER NUC ESC.RURAL N 339;Ningún trabajador tiene datos de cuadratura.
NACIONAL;OD10771403;NER NUC ESC.RURAL N 339;Ningún trabajador tiene datos de cuadratura.
NACIONAL;OD10681403;NER NUC ESC.RURAL N 339;Ningún trabajador tiene datos de cuadratura.
NACIONAL;OD10761403;NER NUC ESC.RURAL N 339;Ningún trabajador tiene datos de cuadratura.
NACIONAL;OD04851403;NER NUC ESC.RURAL N 339;Ningún trabajador tiene datos de cuadratura.
NACIONAL;OD05341403;NER NUC ESC.RURAL N 340;Ningún trabajador tiene datos de cuadratura.
NACIONAL;OD10781403;NER NUC ESC.RURAL N 512;Ningún trabajador tiene datos de cuadratura.
NACIONAL;OD05641402;NER NUC ESCOLAR RURAL N° 159;Solo dejaron observaciones o ceros.
NACIONAL;OD13361413;NER- NUCLEO ESCOLAR RURAL 196;Ningún trabajador tiene datos de cuadratura.
NACIONAL;OD13371413;NER- NUCLEO ESCOLAR RURAL 196;Ningún trabajador tiene datos de cuadratura.
NACIONAL;OD13381413;NER- NUCLEO ESCOLAR RURAL 196;Ningún trabajador tiene datos de cuadratura.
NACIONAL;OD14241419;NER-NUC ESC RURAL N 022;Ningún trabajador tiene datos de cuadratura.
NACIONAL;OD08231409;NER-NUC ESC RURAL N 197;Ningún trabajador tiene datos de cuadratura.
NACIONAL;OD15951416;NER-NUC ESC RURAL N 271;Ningún trabajador tiene datos de cuadratura.
NACIONAL;OD10101401;NER-NUC ESC RURAL N 338;Ningún trabajador tiene datos de cuadratura.
NACIONAL;OD09911401;NER-NUC ESC RURAL N 338;Ningún trabajador tiene datos de cuadratura.
NACIONAL;OD10091401;NER-NUC ESC RURAL N 338;Ningún trabajador tiene datos de cuadratura.
NACIONAL;OD10171401;NER-NUC ESC RURAL N 338;Ningún trabajador tiene datos de cuadratura.
NACIONAL;OD04651423;NER-NUC RURAL NO23;Ningún trabajador tiene datos de cuadratura.
NACIONAL;OD04271423;NER-NUC RURAL NO23;Ningún trabajador tiene datos de cuadratura.
NACIONAL;OD04251423;NER-NUC RURAL NO23;Solo dejaron observaciones o ceros.
NACIONAL;OD16991412;NER.NUC-ESC-RURAL N-427;Ningún trabajador tiene datos de cuadratura.
NACIONAL;OD01191412;PE CHAMITA;Ningún trabajador tiene datos de cuadratura.
NACIONAL;OD02331412;PE EL FORESTALITO;Ningún trabajador tiene datos de cuadratura.
NACIONAL;OD17801401;PREESCOLAR GRAL CARLOS SOUBLETTE;Ningún trabajador tiene datos de cuadratura.
NACIONAL;OD00821408;PREESCOLAR MARTHA GONZALEZ;Ningún trabajador tiene datos de cuadratura.
NACIONAL;OD10941404;PUEBLO VIEJO;Ningún trabajador tiene datos de cuadratura.
NACIONAL;OD14811420;QUIRORA;Ningún trabajador tiene datos de cuadratura.
NACIONAL;OD17121403;RAFAEL ANTONIO GONZALEZ;Ningún trabajador tiene datos de cuadratura.
NACIONAL;OD10971404;SANTA CRUZ DEL QUEMADO;Ningún trabajador tiene datos de cuadratura.
NACIONAL;OD02981401;TALLER DE EDUCACION LABORAL ELVIS DE JESUS APONCIO;Ningún trabajador tiene datos de cuadratura.
NACIONAL;OD12641412;TEV BOLÍVAR;Ningún trabajador tiene datos de cuadratura.
NACIONAL;OD01651401;U E B LA HONDA;Ningún trabajador tiene datos de cuadratura.
NACIONAL;S1776D1406;U.E. DR JOSE MIGUEL MONAGAS;Ningún trabajador tiene datos de cuadratura.
NACIONAL;OD10661403;U.E.B MESA DE LAS PALMAS;Ningún trabajador tiene datos de cuadratura.
NACIONAL;OD14441420;U.E.B. EL CABULLAL;Ningún trabajador tiene datos de cuadratura.
NACIONAL;OD04071422;U.E.B. RURALES EL QUEBRADON;Ningún trabajador tiene datos de cuadratura.
NACIONAL;OD15871401;UE LUIS BELTRAN PRIETO FIGUEROA;Solo dejaron observaciones o ceros.
NACIONAL;OD03171401;UEB 1ERO DE MAYO;Ningún trabajador tiene datos de cuadratura.
NACIONAL;OD04751401;UEB CORONEL LUIS MARIA RIVAS DAVILA;Ningún trabajador tiene datos de cuadratura.
NACIONAL;OD10801401;UEB FRANCISCO GONZALEZ;Ningún trabajador tiene datos de cuadratura.
NACIONAL;OD04411414;UEB GUACHICAPAZON N;Ningún trabajador tiene datos de cuadratura.
NACIONAL;OD03801407;UEB GUACHIZON I;Ningún trabajador tiene datos de cuadratura.
NACIONAL;OD10111401;UEB LA COROMOTO;Ningún trabajador tiene datos de cuadratura.
NACIONAL;OD10351401;UEB LA LAGUNITA;Ningún trabajador tiene datos de cuadratura.
NACIONAL;OD14321419;UEB LA MUCUY BAJA;Solo dejaron observaciones o ceros.
NACIONAL;OD17281408;UEB LAS PIEDRAS;Ningún trabajador tiene datos de cuadratura.
NACIONAL;OD01031422;UEB PARCELAMIENTO LA MACARENA;Ningún trabajador tiene datos de cuadratura.
NACIONAL;OD09901401;UEB PEDRO CAMEJO;Ningún trabajador tiene datos de cuadratura.
NACIONAL;S3880N1412;UEN 8 DE SEPTIEMBRE;Ningún trabajador tiene datos de cuadratura.
NACIONAL;OD01811401;UENB ONIA CAÑO ISABEL;Solo dejaron observaciones o ceros.
